{
  "pages": [
    {
      "path": "pages/index/index",
      "style": {
        "navigationBarTitleText": "<%= name %>",
        "enablePullDownRefresh": true
      }
    },
    {
      "path": "pages/user/user",
      "style": {
        "navigationBarTitleText": "我的"
      }
    }
  ],
  "globalStyle": {
    "navigationBarTextStyle": "black",
    "navigationBarTitleText": "<%= name %>",
    "navigationBarBackgroundColor": "#ffffff",
    "backgroundColor": "#F7F7FA"
  },
  "tabBar": {
    "color": "#9C9C9E",
    "selectedColor": "#000",
    "borderStyle": "black",
    "backgroundColor": "#fff",
    "list": [
      {
        "pagePath": "pages/index/index",
        "iconPath": "static/home.png",
        "selectedIconPath": "static/home-active.png",
        "text": "首页"
      },
      {
        "pagePath": "pages/user/user",
        "iconPath": "static/my.png",
        "selectedIconPath": "static/my-active.png",
        "text": "我的"
      }
    ]
  },
  "condition": {
    "current": 0,
    "list": [
      {
        "name": "我的",
        "path": "pages/my/my",
        "query": ""
      }
    ]
  }
}
